{
  "train": {
    "loss": [
      0.9704066681511262,
      0.7037535854998757,
      0.5905170373180333
    ],
    "accuracy": [
      0.6219354838709678,
      0.7260829493087557,
      0.7703225806451612
    ]
  },
  "val": {
    "loss": [
      0.5622589669199949,
      0.7118919400939929,
      0.4802986303792628
    ],
    "accuracy": [
      0.7838709677419354,
      0.7393548387096774,
      0.8080645161290323
    ]
  }
}