{
  "train": {
    "loss": [
      0.5066145628690719,
      0.24791430751519167,
      0.11621778143487652
    ],
    "accuracy": [
      0.8312442396313364,
      0.9186175115207373,
      0.9601843317972351
    ]
  },
  "val": {
    "loss": [
      0.25132578193358884,
      0.12048721971643186,
      0.07605460014679714
    ],
    "accuracy": [
      0.9190322580645162,
      0.9580645161290322,
      0.9738709677419355
    ]
  }
}