{
  "train": {
    "loss": [
      0.226149572939903,
      0.07355853157556232,
      0.023122804972166813
    ],
    "accuracy": [
      0.9209216589861751,
      0.9767741935483871,
      0.9929032258064516
    ]
  },
  "val": {
    "loss": [
      0.3019004247328001,
      0.047039244418781365,
      0.028636275523352843
    ],
    "accuracy": [
      0.9187096774193548,
      0.9864516129032258,
      0.9883870967741936
    ]
  }
}